patient_id,mean_smarca2_expression,cell_count,status
EOC3,0.0896066919422711,235,Refractory
EOC87,0.2318470617874931,146,Refractory
EOC115,0.08760961018300774,329,Refractory
EOC136,0.1445696540423278,318,Sensitive
EOC153,0.10137873473579945,453,Sensitive
EOC204,0.05097642501958024,1547,Refractory
EOC372,0.05696011654503854,731,Sensitive
EOC649,0.276563177757293,72,Sensitive
EOC1127,0.12901177334926844,468,Sensitive
